,first_level3,second_level3,first_level2,second_level2,level3,level2
105317_cam-np3_frame1347.jpg,A3.1-A4.1,A3.7-A4.7,A3,A3,A3.7,A3
105317_cam-np3_frame1352.jpg,A3.1-A4.1,A5.4,A3,A5,A3.7,A3
105317_cam-np3_frame1390.jpg,A3.1-A4.1,A3.7-A4.7,A3,A3,A3.1,A3
105317_cam-np3_frame1468.jpg,A5.1,A3.1-A4.1,A5,A3,A4.1,A4
105317_cam-np3_frame1473.jpg,A3.1-A4.1,A3.7-A4.7,A3,A3,A4.1,A4
105317_cam-np3_frame1510.jpg,A3.1-A4.1,A3.7-A4.7,A3,A3,A3.7,A3
105317_cam-np3_frame1521.jpg,A5.2,A3.7-A4.7,A5,A3,A3.7,A3
105317_cam-np3_frame1525.jpg,A3.1-A4.1,A3.7-A4.7,A3,A3,A3.7,A3
105317_cam-np3_frame1526.jpg,A5.1,A5.2,A5,A5,A3.7,A3
105317_cam-np3_frame1538.jpg,A3.1-A4.1,A3.7-A4.7,A3,A3,A3.7,A3
105317_cam-np3_frame1539.jpg,A5.1,A3.1-A4.1,A5,A3,A3.7,A3
105317_cam-np3_frame1544.jpg,A3.1-A4.1,A3.7-A4.7,A3,A3,A3.7,A3
105317_cam-np3_frame1580.jpg,A5.1,A3.1-A4.1,A5,A3,A4.1,A4
105317_cam-np3_frame1610.jpg,A3.1-A4.1,A5.1,A3,A5,A3.1,A3
105317_cam-np3_frame1611.jpg,A3.1-A4.1,A3.7-A4.7,A3,A3,A3.1,A3
105317_cam-np3_frame1614.jpg,A5.1,A3.1-A4.1,A5,A3,A3.1,A3
105317_cam-np3_frame1615.jpg,A3.1-A4.1,A3.7-A4.7,A3,A3,A3.1,A3
105317_cam-np3_frame1619.jpg,A3.1-A4.1,A5.1,A3,A5,A3.1,A3
105317_cam-np3_frame1622.jpg,A3.1-A4.1,A3.7-A4.7,A3,A3,A3.1,A3
105317_cam-np3_frame1641.jpg,A3.7-A4.7,A3.1-A4.1,A3,A3,A3.1,A3
105317_cam-np3_frame1646.jpg,A3.1-A4.1,A3.7-A4.7,A3,A3,A3.1,A3
105317_cam-np3_frame1686.jpg,A3.1-A4.1,A3.7-A4.7,A3,A3,A3.1,A3
105317_cam-np3_frame1691.jpg,A5.2,A3.7-A4.7,A5,A3,A3.1,A3
105317_cam-np3_frame1692.jpg,A5.1,A3.1-A4.1,A5,A3,A3.1,A3
105317_cam-np3_frame1693.jpg,A3.1-A4.1,A3.7-A4.7,A3,A3,A3.1,A3
105317_cam-np3_frame1695.jpg,A5.1,A3.1-A4.1,A5,A3,A3.1,A3
105317_cam-np3_frame1696.jpg,A3.1-A4.1,A5.1,A3,A5,A3.1,A3
105317_cam-np3_frame1698.jpg,A3.7-A4.7,A3.1-A4.1,A3,A3,A3.1,A3
105317_cam-np3_frame1699.jpg,A5.1,A3.1-A4.1,A5,A3,A3.1,A3
105317_cam-np3_frame1701.jpg,A3.1-A4.1,A5.1,A3,A5,A3.1,A3
105317_cam-np3_frame1704.jpg,A3.1-A4.1,A3.7-A4.7,A3,A3,A3.1,A3
105317_cam-np3_frame1706.jpg,A3.1-A4.1,A3.7-A4.7,A3,A3,A3.1,A3
105317_cam-np3_frame1708.jpg,A5.1,A3.1-A4.1,A5,A3,A3.1,A3
105317_cam-np3_frame1710.jpg,A3.1-A4.1,A3.7-A4.7,A3,A3,A3.1,A3
105317_cam-np3_frame1712.jpg,A3.1-A4.1,A5.1,A3,A5,A3.1,A3
105317_cam-np3_frame1714.jpg,A5.1,A3.1-A4.1,A5,A3,A3.1,A3
105317_cam-np3_frame1718.jpg,A5.2,A5.1,A5,A5,A3.1,A3
105317_cam-np3_frame1722.jpg,A3.1-A4.1,A3.7-A4.7,A3,A3,A3.1,A3
105317_cam-np3_frame1724.jpg,A3.1-A4.1,A3.7-A4.7,A3,A3,A3.1,A3
105317_cam-np3_frame1725.jpg,A3.7-A4.7,A3.1-A4.1,A3,A3,A3.1,A3
105317_cam-np3_frame1727.jpg,A3.1-A4.1,A3.7-A4.7,A3,A3,A3.1,A3
105317_cam-np3_frame1728.jpg,A5.1,A3.1-A4.1,A5,A3,A3.1,A3
105317_cam-np3_frame1730.jpg,A5.2,A3.7-A4.7,A5,A3,A3.1,A3
105317_cam-np3_frame1734.jpg,A3.1-A4.1,A5.1,A3,A5,A3.1,A3
105317_cam-np3_frame1735.jpg,A5.2,A3.7-A4.7,A5,A3,A3.1,A3
105317_cam-np3_frame1738.jpg,A3.1-A4.1,A3.7-A4.7,A3,A3,A3.1,A3
105317_cam-np3_frame1739.jpg,A5.1,A3.1-A4.1,A5,A3,A5.4,A5
105317_cam-np3_frame1740.jpg,A5.2,A3.7-A4.7,A5,A3,A3.1,A3
105317_cam-np3_frame1741.jpg,A3.1-A4.1,A3.7-A4.7,A3,A3,A3.1,A3
105317_cam-np3_frame1744.jpg,A3.1-A4.1,A3.7-A4.7,A3,A3,A3.1,A3
105317_cam-np3_frame1745.jpg,A3.7-A4.7,A3.1-A4.1,A3,A3,A3.1,A3
105317_cam-np3_frame1761.jpg,A5.1,A3.1-A4.1,A5,A3,A5.1,A5
105317_cam-np3_frame1763.jpg,A3.7-A4.7,A3.1-A4.1,A3,A3,A5.1,A5
105317_cam-np3_frame1767.jpg,A3.1-A4.1,A3.7-A4.7,A3,A3,A5.1,A5
105317_cam-np3_frame1768.jpg,A3.1-A4.1,A3.7-A4.7,A3,A3,A5.1,A5
105317_cam-np3_frame1770.jpg,A3.1-A4.1,A3.7-A4.7,A3,A3,A5.1,A5
105317_cam-np3_frame1787.jpg,A3.7-A4.7,A3.1-A4.1,A3,A3,A3.1,A3
105317_cam-np3_frame1789.jpg,A5.1,A5.2,A5,A5,A3.1,A3
105317_cam-np3_frame1799.jpg,A3.7-A4.7,A3.1-A4.1,A3,A3,A3.1,A3
105317_cam-np3_frame1808.jpg,A3.1-A4.1,A3.7-A4.7,A3,A3,A3.1,A3
105317_cam-np3_frame1809.jpg,A3.1-A4.1,A5.1,A3,A5,A3.1,A3
105317_cam-np3_frame1817.jpg,A3.1-A4.1,A3.7-A4.7,A3,A3,A3.1,A3
105317_cam-np3_frame1867.jpg,A3.7-A4.7,A3.1-A4.1,A3,A3,A3.1,A3
105317_cam-np3_frame1870.jpg,A3.1-A4.1,A5.1,A3,A5,A3.1,A3
105317_cam-np3_frame1874.jpg,A3.1-A4.1,A3.7-A4.7,A3,A3,A3.1,A3
105317_cam-np3_frame1877.jpg,A3.1-A4.1,A5.1,A3,A5,A3.1,A3
105317_cam-np3_frame1878.jpg,A3.7-A4.7,A3.1-A4.1,A3,A3,A3.1,A3
105317_cam-np3_frame1880.jpg,A5.2,A3.7-A4.7,A5,A3,A3.1,A3
105317_cam-np3_frame1883.jpg,A3.7-A4.7,A3.1-A4.1,A3,A3,A3.1,A3
105317_cam-np3_frame1886.jpg,A3.1-A4.1,A3.7-A4.7,A3,A3,A3.1,A3
105317_cam-np3_frame1888.jpg,A5.2,A3.1-A4.1,A5,A3,A3.1,A3
105317_cam-np3_frame1891.jpg,A3.1-A4.1,A5.1,A3,A5,A3.1,A3
105317_cam-np3_frame1895.jpg,A3.1-A4.1,A3.7-A4.7,A3,A3,A3.1,A3
105317_cam-np3_frame1896.jpg,A5.1,A3.1-A4.1,A5,A3,A3.1,A3
105317_cam-np3_frame1906.jpg,A3.1-A4.1,A3.7-A4.7,A3,A3,A3.1,A3
105317_cam-np3_frame1909.jpg,A5.1,A3.1-A4.1,A5,A3,A3.1,A3
105317_cam-np3_frame1915.jpg,A3.1-A4.1,A3.7-A4.7,A3,A3,A3.1,A3
105317_cam-np3_frame1923.jpg,A3.1-A4.1,A3.7-A4.7,A3,A3,A3.1,A3
105317_cam-np3_frame1944.jpg,A3.1-A4.1,A3.7-A4.7,A3,A3,A3.1,A3
105317_cam-np3_frame1952.jpg,A3.7-A4.7,A3.1-A4.1,A3,A3,A4.7,A4
105317_cam-np3_frame1963.jpg,A3.1-A4.1,A3.7-A4.7,A3,A3,A4.7,A4
105317_cam-np3_frame1983.jpg,A3.7-A4.7,A3.1-A4.1,A3,A3,A4.7,A4
105317_cam-np3_frame280.jpg,A5.1,A3.1-A4.1,A5,A3,A3.1,A3
105317_cam-np3_frame764.jpg,A3.1-A4.1,A3.7-A4.7,A3,A3,A4.1,A4
105317_cam-np3_frame814.jpg,A3.7-A4.7,A3.1-A4.1,A3,A3,A4.1,A4
105317_cam-np3_frame815.jpg,A3.7-A4.7,A3.1-A4.1,A3,A3,A3.1,A3
105317_cam-np3_frame818.jpg,A3.1-A4.1,A3.7-A4.7,A3,A3,A3.1,A3
105317_cam-np3_frame848.jpg,A3.1-A4.1,A5.1,A3,A5,A5.2,A5
105317_cam-np3_frame887.jpg,A5.1,A3.1-A4.1,A5,A3,A5.2,A5
113610_cam_survey_1_frame1015.jpg,A5.2,A3.7-A4.7,A5,A3,A3.1,A3
113610_cam_survey_1_frame1029.jpg,A3.1-A4.1,A3.7-A4.7,A3,A3,A3.1,A3
113610_cam_survey_1_frame1045.jpg,A3.1-A4.1,A3.7-A4.7,A3,A3,A3.1,A3
113610_cam_survey_1_frame1060.jpg,A3.7-A4.7,A3.1-A4.1,A3,A3,A3.1,A3
113610_cam_survey_1_frame1077.jpg,A3.1-A4.1,A3.7-A4.7,A3,A3,A3.1,A3
113610_cam_survey_1_frame1081.jpg,A3.7-A4.7,A3.1-A4.1,A3,A3,A3.1,A3
113610_cam_survey_1_frame1089.jpg,A3.1-A4.1,A3.7-A4.7,A3,A3,A5.4,A5
113610_cam_survey_1_frame1090.jpg,A3.7-A4.7,A3.1-A4.1,A3,A3,A4.7,A4
113610_cam_survey_1_frame1102.jpg,A5.1,A3.1-A4.1,A5,A3,A5.4,A5
113610_cam_survey_1_frame1109.jpg,A3.7-A4.7,A3.1-A4.1,A3,A3,A5.4,A5
113610_cam_survey_1_frame1111.jpg,A3.1-A4.1,A3.7-A4.7,A3,A3,A5.4,A5
113610_cam_survey_1_frame1112.jpg,A3.1-A4.1,A3.7-A4.7,A3,A3,A5.4,A5
113610_cam_survey_1_frame1113.jpg,A5.1,A3.1-A4.1,A5,A3,A5.4,A5
113610_cam_survey_1_frame1114.jpg,A3.1-A4.1,A3.7-A4.7,A3,A3,A5.4,A5
113610_cam_survey_1_frame1117.jpg,A3.1-A4.1,A3.7-A4.7,A3,A3,A5.4,A5
113610_cam_survey_1_frame1118.jpg,A3.1-A4.1,A3.7-A4.7,A3,A3,A5.4,A5
113610_cam_survey_1_frame1119.jpg,A5.2,A3.1-A4.1,A5,A3,A5.4,A5
113610_cam_survey_1_frame1124.jpg,A3.7-A4.7,A3.1-A4.1,A3,A3,A5.4,A5
113610_cam_survey_1_frame1125.jpg,A5.1,A3.1-A4.1,A5,A3,A5.4,A5
113610_cam_survey_1_frame1126.jpg,A5.1,A3.1-A4.1,A5,A3,A5.4,A5
113610_cam_survey_1_frame1127.jpg,A5.2,A3.7-A4.7,A5,A3,A5.4,A5
113610_cam_survey_1_frame1128.jpg,A3.1-A4.1,A5.1,A3,A5,A5.4,A5
113610_cam_survey_1_frame1132.jpg,A3.1-A4.1,A5.1,A3,A5,A5.4,A5
113610_cam_survey_1_frame1134.jpg,A5.1,A3.1-A4.1,A5,A3,A5.2,A5
113610_cam_survey_1_frame1135.jpg,A3.1-A4.1,A3.7-A4.7,A3,A3,A5.2,A5
113610_cam_survey_1_frame1137.jpg,A3.1-A4.1,A5.1,A3,A5,A5.2,A5
113610_cam_survey_1_frame1140.jpg,A5.1,A3.1-A4.1,A5,A3,A5.2,A5
113610_cam_survey_1_frame1143.jpg,A5.1,A3.1-A4.1,A5,A3,A5.2,A5
113610_cam_survey_1_frame1144.jpg,A3.1-A4.1,A3.7-A4.7,A3,A3,A5.2,A5
113610_cam_survey_1_frame1146.jpg,A3.7-A4.7,A3.1-A4.1,A3,A3,A5.2,A5
113610_cam_survey_1_frame1149.jpg,A3.1-A4.1,A3.7-A4.7,A3,A3,A3.1,A3
113610_cam_survey_1_frame1152.jpg,A3.1-A4.1,A3.7-A4.7,A3,A3,A5.1,A5
113610_cam_survey_1_frame1153.jpg,A3.1-A4.1,A3.7-A4.7,A3,A3,A5.1,A5
113610_cam_survey_1_frame1155.jpg,A3.1-A4.1,A3.7-A4.7,A3,A3,A4.1,A4
113610_cam_survey_1_frame1157.jpg,A3.1-A4.1,A3.7-A4.7,A3,A3,A3.1,A3
113610_cam_survey_1_frame1158.jpg,A3.1-A4.1,A3.7-A4.7,A3,A3,A3.1,A3
113610_cam_survey_1_frame1163.jpg,A3.1-A4.1,A3.7-A4.7,A3,A3,A3.1,A3
113610_cam_survey_1_frame1165.jpg,A3.1-A4.1,A3.7-A4.7,A3,A3,A3.1,A3
113610_cam_survey_1_frame1179.jpg,A3.7-A4.7,A5.2,A3,A5,A5.1,A5
113610_cam_survey_1_frame1186.jpg,A3.1-A4.1,A3.7-A4.7,A3,A3,A5.1,A5
113610_cam_survey_1_frame1206.jpg,A3.1-A4.1,A3.7-A4.7,A3,A3,A3.1,A3
113610_cam_survey_1_frame1217.jpg,A5.1,A3.1-A4.1,A5,A3,A3.1,A3
113610_cam_survey_1_frame1240.jpg,A5.1,A3.1-A4.1,A5,A3,A3.1,A3
113610_cam_survey_1_frame1244.jpg,A3.1-A4.1,A3.7-A4.7,A3,A3,A3.1,A3
113610_cam_survey_1_frame1260.jpg,A3.7-A4.7,A3.1-A4.1,A3,A3,A3.1,A3
113610_cam_survey_1_frame1267.jpg,A3.1-A4.1,A5.4,A3,A5,A3.1,A3
113610_cam_survey_1_frame1271.jpg,A3.1-A4.1,A3.7-A4.7,A3,A3,A3.1,A3
113610_cam_survey_1_frame1273.jpg,A3.1-A4.1,A3.7-A4.7,A3,A3,A3.1,A3
113610_cam_survey_1_frame1275.jpg,A3.1-A4.1,A3.7-A4.7,A3,A3,A3.1,A3
113610_cam_survey_1_frame1278.jpg,A3.1-A4.1,A3.7-A4.7,A3,A3,A3.1,A3
113610_cam_survey_1_frame1281.jpg,A5.1,A3.1-A4.1,A5,A3,A3.1,A3
113610_cam_survey_1_frame1282.jpg,A3.7-A4.7,A3.1-A4.1,A3,A3,A3.1,A3
113610_cam_survey_1_frame1289.jpg,A3.1-A4.1,A3.7-A4.7,A3,A3,A3.1,A3
113610_cam_survey_1_frame129.jpg,A3.1-A4.1,A5.2,A3,A5,A3.7,A3
113610_cam_survey_1_frame1294.jpg,A5.2,A3.7-A4.7,A5,A3,A3.1,A3
113610_cam_survey_1_frame132.jpg,A5.1,A5.4,A5,A5,A3.7,A3
113610_cam_survey_1_frame133.jpg,A3.1-A4.1,A3.7-A4.7,A3,A3,A3.7,A3
113610_cam_survey_1_frame134.jpg,A3.1-A4.1,A3.7-A4.7,A3,A3,A3.7,A3
113610_cam_survey_1_frame1407.jpg,A3.1-A4.1,A5.1,A3,A5,A3.1,A3
113610_cam_survey_1_frame1411.jpg,A3.7-A4.7,A3.1-A4.1,A3,A3,A3.7,A3
113610_cam_survey_1_frame1420.jpg,A3.1-A4.1,A3.7-A4.7,A3,A3,A3.1,A3
113610_cam_survey_1_frame1423.jpg,A5.1,A5.4,A5,A5,A3.1,A3
113610_cam_survey_1_frame1425.jpg,A3.1-A4.1,A5.1,A3,A5,A3.1,A3
113610_cam_survey_1_frame1432.jpg,A5.1,A3.1-A4.1,A5,A3,A3.1,A3
113610_cam_survey_1_frame1434.jpg,A3.1-A4.1,A3.7-A4.7,A3,A3,A3.1,A3
113610_cam_survey_1_frame1440.jpg,A3.1-A4.1,A3.7-A4.7,A3,A3,A3.1,A3
113610_cam_survey_1_frame1444.jpg,A3.1-A4.1,A3.7-A4.7,A3,A3,A3.1,A3
113610_cam_survey_1_frame1458.jpg,A3.1-A4.1,A5.1,A3,A5,A3.1,A3
113610_cam_survey_1_frame1521.jpg,A3.7-A4.7,A3.1-A4.1,A3,A3,A3.7,A3
113610_cam_survey_1_frame1522.jpg,A3.1-A4.1,A3.7-A4.7,A3,A3,A3.7,A3
113610_cam_survey_1_frame1525.jpg,A5.2,A3.7-A4.7,A5,A3,A3.7,A3
113610_cam_survey_1_frame1528.jpg,A3.1-A4.1,A3.7-A4.7,A3,A3,A3.7,A3
113610_cam_survey_1_frame1532.jpg,A3.1-A4.1,A3.7-A4.7,A3,A3,A3.7,A3
113610_cam_survey_1_frame1588.jpg,A5.1,A3.1-A4.1,A5,A3,A5.4,A5
113610_cam_survey_1_frame1589.jpg,A3.1-A4.1,A5.1,A3,A5,A5.4,A5
113610_cam_survey_1_frame1590.jpg,A3.7-A4.7,A3.1-A4.1,A3,A3,A5.4,A5
113610_cam_survey_1_frame1593.jpg,A3.1-A4.1,A3.7-A4.7,A3,A3,A5.4,A5
113610_cam_survey_1_frame1595.jpg,A5.1,A3.1-A4.1,A5,A3,A5.4,A5
113610_cam_survey_1_frame1618.jpg,A3.1-A4.1,A3.7-A4.7,A3,A3,A5.4,A5
113610_cam_survey_1_frame1621.jpg,A3.1-A4.1,A3.7-A4.7,A3,A3,A5.4,A5
113610_cam_survey_1_frame1623.jpg,A3.1-A4.1,A3.7-A4.7,A3,A3,A5.4,A5
113610_cam_survey_1_frame1629.jpg,A3.1-A4.1,A3.7-A4.7,A3,A3,A5.4,A5
113610_cam_survey_1_frame163.jpg,A3.1-A4.1,A3.7-A4.7,A3,A3,A3.7,A3
113610_cam_survey_1_frame1677.jpg,A3.7-A4.7,A3.1-A4.1,A3,A3,A5.1,A5
113610_cam_survey_1_frame1685.jpg,A3.1-A4.1,A5.1,A3,A5,A5.1,A5
113610_cam_survey_1_frame169.jpg,A5.2,A3.7-A4.7,A5,A3,A3.7,A3
113610_cam_survey_1_frame170.jpg,A3.7-A4.7,A3.1-A4.1,A3,A3,A3.7,A3
113610_cam_survey_1_frame1713.jpg,A3.1-A4.1,A3.7-A4.7,A3,A3,A5.1,A5
113610_cam_survey_1_frame1754.jpg,A5.1,A3.1-A4.1,A5,A3,A5.1,A5
113610_cam_survey_1_frame1903.jpg,A3.7-A4.7,A3.1-A4.1,A3,A3,A3.1,A3
113610_cam_survey_1_frame1911.jpg,A3.7-A4.7,A3.1-A4.1,A3,A3,A3.1,A3
113610_cam_survey_1_frame1912.jpg,A5.1,A3.1-A4.1,A5,A3,A3.1,A3
113610_cam_survey_1_frame1968.jpg,A3.1-A4.1,A3.7-A4.7,A3,A3,A3.1,A3
113610_cam_survey_1_frame2031.jpg,A5.2,A3.7-A4.7,A5,A3,A3.1,A3
113610_cam_survey_1_frame2036.jpg,A3.7-A4.7,A3.1-A4.1,A3,A3,A3.1,A3
113610_cam_survey_1_frame2050.jpg,A3.1-A4.1,A3.7-A4.7,A3,A3,A4.1,A4
113610_cam_survey_1_frame2051.jpg,A3.1-A4.1,A5.1,A3,A5,A4.1,A4
113610_cam_survey_1_frame2052.jpg,A5.1,A5.4,A5,A5,A4.1,A4
113610_cam_survey_1_frame231.jpg,A5.1,A3.1-A4.1,A5,A3,A3.1,A3
113610_cam_survey_1_frame232.jpg,A3.7-A4.7,A3.1-A4.1,A3,A3,A3.1,A3
113610_cam_survey_1_frame2502.jpg,A3.1-A4.1,A3.7-A4.7,A3,A3,A4.1,A4
113610_cam_survey_1_frame2648.jpg,A3.1-A4.1,A3.7-A4.7,A3,A3,A3.1,A3
113610_cam_survey_1_frame2655.jpg,A3.1-A4.1,A3.7-A4.7,A3,A3,A3.1,A3
113610_cam_survey_1_frame2659.jpg,A5.1,A3.1-A4.1,A5,A3,A3.1,A3
113610_cam_survey_1_frame2686.jpg,A3.7-A4.7,A3.1-A4.1,A3,A3,A3.1,A3
113610_cam_survey_1_frame2688.jpg,A3.1-A4.1,A3.7-A4.7,A3,A3,A3.1,A3
113610_cam_survey_1_frame2702.jpg,A5.1,A3.1-A4.1,A5,A3,A3.1,A3
113610_cam_survey_1_frame2830.jpg,A3.1-A4.1,A3.7-A4.7,A3,A3,A3.1,A3
113610_cam_survey_1_frame2836.jpg,A3.1-A4.1,A3.7-A4.7,A3,A3,A3.1,A3
113610_cam_survey_1_frame2855.jpg,A3.1-A4.1,A3.7-A4.7,A3,A3,A3.1,A3
113610_cam_survey_1_frame2872.jpg,A3.1-A4.1,A5.1,A3,A5,A3.1,A3
113610_cam_survey_1_frame2887.jpg,A3.1-A4.1,A3.7-A4.7,A3,A3,A3.1,A3
113610_cam_survey_1_frame2905.jpg,A5.1,A3.1-A4.1,A5,A3,A4.1,A4
113610_cam_survey_1_frame2921.jpg,A3.1-A4.1,A3.7-A4.7,A3,A3,A4.7,A4
113610_cam_survey_1_frame2924.jpg,A3.1-A4.1,A3.7-A4.7,A3,A3,A4.1,A4
113610_cam_survey_1_frame2932.jpg,A3.7-A4.7,A3.1-A4.1,A3,A3,A4.7,A4
113610_cam_survey_1_frame2935.jpg,A3.7-A4.7,A5.2,A3,A5,A4.7,A4
113610_cam_survey_1_frame2936.jpg,A3.7-A4.7,A3.1-A4.1,A3,A3,A4.7,A4
113610_cam_survey_1_frame2941.jpg,A3.1-A4.1,A3.7-A4.7,A3,A3,A4.7,A4
113610_cam_survey_1_frame2942.jpg,A5.1,A3.1-A4.1,A5,A3,A4.7,A4
113610_cam_survey_1_frame2943.jpg,A3.1-A4.1,A3.7-A4.7,A3,A3,A4.7,A4
113610_cam_survey_1_frame2947.jpg,A5.2,A3.7-A4.7,A5,A3,A3.1,A3
113610_cam_survey_1_frame2949.jpg,A3.1-A4.1,A3.7-A4.7,A3,A3,A3.1,A3
113610_cam_survey_1_frame2955.jpg,A3.1-A4.1,A3.7-A4.7,A3,A3,A3.1,A3
113610_cam_survey_1_frame2967.jpg,A3.1-A4.1,A3.7-A4.7,A3,A3,A3.1,A3
113610_cam_survey_1_frame2994.jpg,A3.1-A4.1,A5.1,A3,A5,A3.1,A3
113610_cam_survey_1_frame306.jpg,A3.1-A4.1,A3.7-A4.7,A3,A3,A3.1,A3
113610_cam_survey_1_frame307.jpg,A3.1-A4.1,A3.7-A4.7,A3,A3,A3.1,A3
113610_cam_survey_1_frame336.jpg,A3.7-A4.7,A3.1-A4.1,A3,A3,A3.7,A3
113610_cam_survey_1_frame343.jpg,A5.1,A3.1-A4.1,A5,A3,A3.7,A3
113610_cam_survey_1_frame344.jpg,A5.1,A3.1-A4.1,A5,A3,A3.7,A3
113610_cam_survey_1_frame362.jpg,A5.1,A3.1-A4.1,A5,A3,A3.7,A3
113610_cam_survey_1_frame365.jpg,A5.1,A3.1-A4.1,A5,A3,A3.7,A3
113610_cam_survey_1_frame371.jpg,A3.1-A4.1,A3.7-A4.7,A3,A3,A3.7,A3
113610_cam_survey_1_frame372.jpg,A5.1,A3.1-A4.1,A5,A3,A3.7,A3
113610_cam_survey_1_frame374.jpg,A5.1,A3.1-A4.1,A5,A3,A3.7,A3
113610_cam_survey_1_frame376.jpg,A3.1-A4.1,A3.7-A4.7,A3,A3,A3.7,A3
113610_cam_survey_1_frame378.jpg,A3.1-A4.1,A5.1,A3,A5,A3.7,A3
113610_cam_survey_1_frame383.jpg,A3.7-A4.7,A3.1-A4.1,A3,A3,A3.7,A3
113610_cam_survey_1_frame416.jpg,A5.1,A3.1-A4.1,A5,A3,A3.7,A3
113610_cam_survey_1_frame422.jpg,A3.1-A4.1,A3.7-A4.7,A3,A3,A3.7,A3
113610_cam_survey_1_frame423.jpg,A3.1-A4.1,A3.7-A4.7,A3,A3,A3.7,A3
113610_cam_survey_1_frame442.jpg,A5.1,A3.1-A4.1,A5,A3,A3.1,A3
113610_cam_survey_1_frame445.jpg,A3.1-A4.1,A3.7-A4.7,A3,A3,A3.1,A3
113610_cam_survey_1_frame490.jpg,A3.7-A4.7,A3.1-A4.1,A3,A3,A3.7,A3
113610_cam_survey_1_frame497.jpg,A3.1-A4.1,A3.7-A4.7,A3,A3,A3.7,A3
113610_cam_survey_1_frame500.jpg,A3.7-A4.7,A3.1-A4.1,A3,A3,A3.7,A3
113610_cam_survey_1_frame501.jpg,A5.1,A5.4,A5,A5,A3.7,A3
113610_cam_survey_1_frame511.jpg,A3.1-A4.1,A3.7-A4.7,A3,A3,A3.7,A3
113610_cam_survey_1_frame515.jpg,A3.1-A4.1,A3.7-A4.7,A3,A3,A3.7,A3
113610_cam_survey_1_frame519.jpg,A5.1,A3.1-A4.1,A5,A3,A3.7,A3
113610_cam_survey_1_frame522.jpg,A5.1,A5.4,A5,A5,A3.7,A3
113610_cam_survey_1_frame523.jpg,A5.2,A3.7-A4.7,A5,A3,A3.7,A3
113610_cam_survey_1_frame526.jpg,A3.1-A4.1,A3.7-A4.7,A3,A3,A3.7,A3
113610_cam_survey_1_frame527.jpg,A3.1-A4.1,A3.7-A4.7,A3,A3,A3.7,A3
113610_cam_survey_1_frame531.jpg,A3.1-A4.1,A5.1,A3,A5,A3.7,A3
113610_cam_survey_1_frame532.jpg,A3.7-A4.7,A3.1-A4.1,A3,A3,A3.7,A3
113610_cam_survey_1_frame539.jpg,A3.1-A4.1,A5.1,A3,A5,A4.1,A4
113610_cam_survey_1_frame541.jpg,A3.1-A4.1,A3.7-A4.7,A3,A3,A3.1,A3
113610_cam_survey_1_frame542.jpg,A3.7-A4.7,A3.1-A4.1,A3,A3,A3.1,A3
113610_cam_survey_1_frame556.jpg,A3.1-A4.1,A5.1,A3,A5,A3.1,A3
113610_cam_survey_1_frame559.jpg,A3.1-A4.1,A3.7-A4.7,A3,A3,A3.1,A3
113610_cam_survey_1_frame569.jpg,A3.1-A4.1,A3.7-A4.7,A3,A3,A3.1,A3
113610_cam_survey_1_frame585.jpg,A3.1-A4.1,A3.7-A4.7,A3,A3,A3.7,A3
113610_cam_survey_1_frame590.jpg,A3.1-A4.1,A3.7-A4.7,A3,A3,A3.7,A3
113610_cam_survey_1_frame599.jpg,A3.1-A4.1,A3.7-A4.7,A3,A3,A3.7,A3
113610_cam_survey_1_frame602.jpg,A3.1-A4.1,A3.7-A4.7,A3,A3,A3.7,A3
113610_cam_survey_1_frame603.jpg,A3.1-A4.1,A5.1,A3,A5,A3.7,A3
113610_cam_survey_1_frame608.jpg,A3.1-A4.1,A3.7-A4.7,A3,A3,A3.7,A3
113610_cam_survey_1_frame618.jpg,A3.1-A4.1,A3.7-A4.7,A3,A3,A3.7,A3
113610_cam_survey_1_frame619.jpg,A3.7-A4.7,A3.1-A4.1,A3,A3,A3.7,A3
113610_cam_survey_1_frame621.jpg,A5.1,A3.1-A4.1,A5,A3,A3.7,A3
113610_cam_survey_1_frame622.jpg,A3.1-A4.1,A5.1,A3,A5,A3.7,A3
113610_cam_survey_1_frame626.jpg,A3.1-A4.1,A5.1,A3,A5,A3.7,A3
113610_cam_survey_1_frame634.jpg,A5.1,A3.1-A4.1,A5,A3,A5.1,A5
113610_cam_survey_1_frame637.jpg,A5.1,A3.1-A4.1,A5,A3,A5.1,A5
113610_cam_survey_1_frame652.jpg,A3.7-A4.7,A3.1-A4.1,A3,A3,A5.1,A5
113610_cam_survey_1_frame695.jpg,A5.1,A3.1-A4.1,A5,A3,A3.1,A3
113610_cam_survey_1_frame705.jpg,A3.7-A4.7,A3.1-A4.1,A3,A3,A5.1,A5
113610_cam_survey_1_frame706.jpg,A3.1-A4.1,A3.7-A4.7,A3,A3,A5.1,A5
113610_cam_survey_1_frame707.jpg,A3.1-A4.1,A3.7-A4.7,A3,A3,A3.1,A3
113610_cam_survey_1_frame711.jpg,A5.1,A3.1-A4.1,A5,A3,A3.1,A3
113610_cam_survey_1_frame715.jpg,A3.1-A4.1,A3.7-A4.7,A3,A3,A3.1,A3
113610_cam_survey_1_frame721.jpg,A5.1,A3.1-A4.1,A5,A3,A3.1,A3
113610_cam_survey_1_frame726.jpg,A3.1-A4.1,A3.7-A4.7,A3,A3,A3.1,A3
113610_cam_survey_1_frame727.jpg,A3.1-A4.1,A3.7-A4.7,A3,A3,A3.1,A3
113610_cam_survey_1_frame737.jpg,A3.1-A4.1,A3.7-A4.7,A3,A3,A3.1,A3
113610_cam_survey_1_frame748.jpg,A3.7-A4.7,A3.1-A4.1,A3,A3,A3.1,A3
113610_cam_survey_1_frame752.jpg,A5.1,A3.1-A4.1,A5,A3,A3.1,A3
113610_cam_survey_1_frame765.jpg,A3.1-A4.1,A3.7-A4.7,A3,A3,A5.1,A5
113610_cam_survey_1_frame828.jpg,A3.1-A4.1,A5.1,A3,A5,A5.1,A5
113610_cam_survey_1_frame843.jpg,A5.2,A3.7-A4.7,A5,A3,A5.1,A5
113610_cam_survey_1_frame864.jpg,A3.1-A4.1,A3.7-A4.7,A3,A3,A5.1,A5
113610_cam_survey_1_frame865.jpg,A5.2,A3.7-A4.7,A5,A3,A5.1,A5
113610_cam_survey_1_frame890.jpg,A3.7-A4.7,A3.1-A4.1,A3,A3,A3.1,A3
113610_cam_survey_1_frame897.jpg,A3.1-A4.1,A5.1,A3,A5,A3.1,A3
113610_cam_survey_1_frame900.jpg,A5.1,A3.1-A4.1,A5,A3,A3.1,A3
113610_cam_survey_1_frame905.jpg,A3.1-A4.1,A3.7-A4.7,A3,A3,A3.1,A3
113610_cam_survey_1_frame908.jpg,A3.1-A4.1,A5.1,A3,A5,A3.1,A3
113610_cam_survey_1_frame923.jpg,A3.1-A4.1,A3.7-A4.7,A3,A3,A3.1,A3
113610_cam_survey_1_frame934.jpg,A3.1-A4.1,A3.7-A4.7,A3,A3,A3.1,A3
113610_cam_survey_1_frame947.jpg,A3.1-A4.1,A5.1,A3,A5,A3.1,A3
113610_cam_survey_1_frame954.jpg,A3.1-A4.1,A3.7-A4.7,A3,A3,A3.1,A3
113610_cam_survey_1_frame973.jpg,A5.1,A3.1-A4.1,A5,A3,A3.7,A3
113610_cam_survey_1_frame997.jpg,A5.2,A3.7-A4.7,A5,A3,A3.7,A3
125355_forcadinho-np3_frame1011.jpg,A3.1-A4.1,A3.7-A4.7,A3,A3,A3.1,A3
125355_forcadinho-np3_frame1013.jpg,A5.2,A5.1,A5,A5,A3.1,A3
125355_forcadinho-np3_frame1040.jpg,A3.1-A4.1,A3.7-A4.7,A3,A3,A3.1,A3
125355_forcadinho-np3_frame1044.jpg,A3.1-A4.1,A3.7-A4.7,A3,A3,A3.1,A3
125355_forcadinho-np3_frame1053.jpg,A3.1-A4.1,A3.7-A4.7,A3,A3,A3.1,A3
125355_forcadinho-np3_frame1074.jpg,A3.1-A4.1,A3.7-A4.7,A3,A3,A3.1,A3
125355_forcadinho-np3_frame1092.jpg,A3.1-A4.1,A3.7-A4.7,A3,A3,A3.1,A3
125355_forcadinho-np3_frame1093.jpg,A3.1-A4.1,A3.7-A4.7,A3,A3,A3.1,A3
125355_forcadinho-np3_frame1108.jpg,A3.7-A4.7,A3.1-A4.1,A3,A3,A3.1,A3
125355_forcadinho-np3_frame1126.jpg,A3.1-A4.1,A5.1,A3,A5,A3.1,A3
125355_forcadinho-np3_frame1131.jpg,A3.7-A4.7,A3.1-A4.1,A3,A3,A3.1,A3
125355_forcadinho-np3_frame1136.jpg,A3.1-A4.1,A3.7-A4.7,A3,A3,A3.1,A3
125355_forcadinho-np3_frame1167.jpg,A3.1-A4.1,A3.7-A4.7,A3,A3,A3.1,A3
125355_forcadinho-np3_frame1172.jpg,A3.1-A4.1,A3.7-A4.7,A3,A3,A3.1,A3
125355_forcadinho-np3_frame1175.jpg,A3.7-A4.7,A3.1-A4.1,A3,A3,A3.1,A3
125355_forcadinho-np3_frame1178.jpg,A5.1,A3.1-A4.1,A5,A3,A3.1,A3
125355_forcadinho-np3_frame1186.jpg,A3.1-A4.1,A3.7-A4.7,A3,A3,A3.1,A3
125355_forcadinho-np3_frame1193.jpg,A5.1,A3.1-A4.1,A5,A3,A3.1,A3
125355_forcadinho-np3_frame1257.jpg,A3.1-A4.1,A5.1,A3,A5,A3.1,A3
125355_forcadinho-np3_frame1371.jpg,A3.1-A4.1,A3.7-A4.7,A3,A3,A3.1,A3
125355_forcadinho-np3_frame1427.jpg,A3.1-A4.1,A5.1,A3,A5,A3.1,A3
125355_forcadinho-np3_frame1431.jpg,A5.1,A3.1-A4.1,A5,A3,A3.1,A3
125355_forcadinho-np3_frame1438.jpg,A5.1,A3.1-A4.1,A5,A3,A5.1,A5
125355_forcadinho-np3_frame1471.jpg,A5.2,A3.7-A4.7,A5,A3,A5.1,A5
125355_forcadinho-np3_frame1472.jpg,A3.1-A4.1,A5.1,A3,A5,A5.1,A5
125355_forcadinho-np3_frame1483.jpg,A3.1-A4.1,A5.1,A3,A5,A5.1,A5
125355_forcadinho-np3_frame1507.jpg,A3.1-A4.1,A3.7-A4.7,A3,A3,A5.1,A5
125355_forcadinho-np3_frame1509.jpg,A3.1-A4.1,A3.7-A4.7,A3,A3,A5.1,A5
125355_forcadinho-np3_frame1513.jpg,A5.1,A3.1-A4.1,A5,A3,A5.1,A5
125355_forcadinho-np3_frame1515.jpg,A3.7-A4.7,A3.1-A4.1,A3,A3,A5.1,A5
125355_forcadinho-np3_frame1521.jpg,A3.1-A4.1,A5.1,A3,A5,A5.1,A5
125355_forcadinho-np3_frame1531.jpg,A3.7-A4.7,A3.1-A4.1,A3,A3,A5.1,A5
125355_forcadinho-np3_frame1533.jpg,A3.1-A4.1,A3.7-A4.7,A3,A3,A5.1,A5
125355_forcadinho-np3_frame1552.jpg,A5.2,A3.7-A4.7,A5,A3,A3.1,A3
125355_forcadinho-np3_frame1559.jpg,A3.1-A4.1,A3.7-A4.7,A3,A3,A3.1,A3
125355_forcadinho-np3_frame1561.jpg,A3.1-A4.1,A3.7-A4.7,A3,A3,A3.1,A3
125355_forcadinho-np3_frame1562.jpg,A3.1-A4.1,A3.7-A4.7,A3,A3,A3.1,A3
125355_forcadinho-np3_frame1563.jpg,A5.1,A3.1-A4.1,A5,A3,A3.1,A3
125355_forcadinho-np3_frame1596.jpg,A3.1-A4.1,A3.7-A4.7,A3,A3,A3.1,A3
125355_forcadinho-np3_frame1599.jpg,A3.1-A4.1,A3.7-A4.7,A3,A3,A3.1,A3
125355_forcadinho-np3_frame1617.jpg,A3.1-A4.1,A3.7-A4.7,A3,A3,A3.1,A3
125355_forcadinho-np3_frame1618.jpg,A5.1,A3.1-A4.1,A5,A3,A3.1,A3
125355_forcadinho-np3_frame1627.jpg,A3.1-A4.1,A3.7-A4.7,A3,A3,A3.1,A3
125355_forcadinho-np3_frame1629.jpg,A5.2,A3.7-A4.7,A5,A3,A3.1,A3
125355_forcadinho-np3_frame1632.jpg,A3.7-A4.7,A3.1-A4.1,A3,A3,A3.1,A3
125355_forcadinho-np3_frame1655.jpg,A3.1-A4.1,A3.7-A4.7,A3,A3,A3.1,A3
125355_forcadinho-np3_frame1659.jpg,A3.1-A4.1,A5.1,A3,A5,A3.1,A3
125355_forcadinho-np3_frame1678.jpg,A3.1-A4.1,A3.7-A4.7,A3,A3,A5.1,A5
125355_forcadinho-np3_frame1679.jpg,A3.1-A4.1,A3.7-A4.7,A3,A3,A5.1,A5
125355_forcadinho-np3_frame1681.jpg,A3.1-A4.1,A3.7-A4.7,A3,A3,A5.1,A5
125355_forcadinho-np3_frame1683.jpg,A3.1-A4.1,A3.7-A4.7,A3,A3,A5.1,A5
125355_forcadinho-np3_frame1684.jpg,A5.1,A3.1-A4.1,A5,A3,A5.1,A5
125355_forcadinho-np3_frame1685.jpg,A3.1-A4.1,A3.7-A4.7,A3,A3,A5.1,A5
125355_forcadinho-np3_frame1692.jpg,A5.1,A3.1-A4.1,A5,A3,A5.1,A5
125355_forcadinho-np3_frame1701.jpg,A5.1,A3.1-A4.1,A5,A3,A5.1,A5
125355_forcadinho-np3_frame1704.jpg,A3.1-A4.1,A3.7-A4.7,A3,A3,A5.1,A5
125355_forcadinho-np3_frame1709.jpg,A3.1-A4.1,A3.7-A4.7,A3,A3,A5.1,A5
125355_forcadinho-np3_frame1710.jpg,A3.1-A4.1,A3.7-A4.7,A3,A3,A5.1,A5
125355_forcadinho-np3_frame1711.jpg,A3.7-A4.7,A3.1-A4.1,A3,A3,A5.1,A5
125355_forcadinho-np3_frame1715.jpg,A3.1-A4.1,A3.7-A4.7,A3,A3,A5.1,A5
125355_forcadinho-np3_frame1745.jpg,A3.1-A4.1,A3.7-A4.7,A3,A3,A3.1,A3
125355_forcadinho-np3_frame1749.jpg,A5.1,A3.1-A4.1,A5,A3,A3.1,A3
125355_forcadinho-np3_frame1764.jpg,A3.7-A4.7,A3.1-A4.1,A3,A3,A3.1,A3
125355_forcadinho-np3_frame1774.jpg,A3.1-A4.1,A3.7-A4.7,A3,A3,A3.1,A3
125355_forcadinho-np3_frame1780.jpg,A5.1,A3.1-A4.1,A5,A3,A3.1,A3
125355_forcadinho-np3_frame1809.jpg,A3.7-A4.7,A3.1-A4.1,A3,A3,A3.1,A3
125355_forcadinho-np3_frame182.jpg,A3.1-A4.1,A3.7-A4.7,A3,A3,A3.1,A3
125355_forcadinho-np3_frame1845.jpg,A3.1-A4.1,A3.7-A4.7,A3,A3,A3.1,A3
125355_forcadinho-np3_frame196.jpg,A3.1-A4.1,A3.7-A4.7,A3,A3,A3.1,A3
125355_forcadinho-np3_frame205.jpg,A3.1-A4.1,A3.7-A4.7,A3,A3,A3.1,A3
125355_forcadinho-np3_frame206.jpg,A3.1-A4.1,A3.7-A4.7,A3,A3,A3.1,A3
125355_forcadinho-np3_frame266.jpg,A5.1,A3.1-A4.1,A5,A3,A3.1,A3
125355_forcadinho-np3_frame270.jpg,A3.1-A4.1,A5.1,A3,A5,A3.1,A3
125355_forcadinho-np3_frame367.jpg,A5.1,A3.1-A4.1,A5,A3,A4.7,A4
125355_forcadinho-np3_frame368.jpg,A3.1-A4.1,A5.1,A3,A5,A5.1,A5
125355_forcadinho-np3_frame406.jpg,A5.1,A3.1-A4.1,A5,A3,A3.1,A3
125355_forcadinho-np3_frame407.jpg,A3.1-A4.1,A3.7-A4.7,A3,A3,A5.2,A5
125355_forcadinho-np3_frame408.jpg,A3.1-A4.1,A3.7-A4.7,A3,A3,A5.2,A5
125355_forcadinho-np3_frame43.jpg,A5.1,A5.4,A5,A5,A5.4,A5
125355_forcadinho-np3_frame444.jpg,A3.1-A4.1,A3.7-A4.7,A3,A3,A5.2,A5
125355_forcadinho-np3_frame446.jpg,A5.1,A3.1-A4.1,A5,A3,A5.2,A5
125355_forcadinho-np3_frame447.jpg,A3.7-A4.7,A3.1-A4.1,A3,A3,A5.2,A5
125355_forcadinho-np3_frame454.jpg,A3.1-A4.1,A3.7-A4.7,A3,A3,A5.2,A5
125355_forcadinho-np3_frame455.jpg,A5.2,A3.7-A4.7,A5,A3,A5.2,A5
125355_forcadinho-np3_frame456.jpg,A3.1-A4.1,A3.7-A4.7,A3,A3,A5.2,A5
125355_forcadinho-np3_frame457.jpg,A3.1-A4.1,A5.1,A3,A5,A5.2,A5
125355_forcadinho-np3_frame46.jpg,A3.7-A4.7,A3.1-A4.1,A3,A3,A5.4,A5
125355_forcadinho-np3_frame460.jpg,A3.7-A4.7,A3.1-A4.1,A3,A3,A5.2,A5
125355_forcadinho-np3_frame463.jpg,A3.1-A4.1,A3.7-A4.7,A3,A3,A5.2,A5
125355_forcadinho-np3_frame464.jpg,A5.2,A5.1,A5,A5,A5.2,A5
125355_forcadinho-np3_frame465.jpg,A5.2,A3.7-A4.7,A5,A3,A5.2,A5
125355_forcadinho-np3_frame466.jpg,A3.7-A4.7,A3.1-A4.1,A3,A3,A5.2,A5
125355_forcadinho-np3_frame467.jpg,A3.1-A4.1,A3.7-A4.7,A3,A3,A5.2,A5
125355_forcadinho-np3_frame471.jpg,A3.1-A4.1,A3.7-A4.7,A3,A3,A5.2,A5
125355_forcadinho-np3_frame473.jpg,A3.7-A4.7,A3.1-A4.1,A3,A3,A4.7,A4
125355_forcadinho-np3_frame476.jpg,A5.2,A3.1-A4.1,A5,A3,A4.7,A4
125355_forcadinho-np3_frame49.jpg,A5.1,A5.4,A5,A5,A5.4,A5
125355_forcadinho-np3_frame507.jpg,A3.7-A4.7,A3.1-A4.1,A3,A3,A3.1,A3
125355_forcadinho-np3_frame520.jpg,A5.1,A3.1-A4.1,A5,A3,A4.1,A4
125355_forcadinho-np3_frame54.jpg,A3.1-A4.1,A3.7-A4.7,A3,A3,A5.4,A5
125355_forcadinho-np3_frame585.jpg,A3.1-A4.1,A3.7-A4.7,A3,A3,A4.1,A4
125355_forcadinho-np3_frame588.jpg,A3.1-A4.1,A3.7-A4.7,A3,A3,A4.1,A4
125355_forcadinho-np3_frame593.jpg,A3.1-A4.1,A3.7-A4.7,A3,A3,A5.1,A5
125355_forcadinho-np3_frame595.jpg,A3.7-A4.7,A3.1-A4.1,A3,A3,A5.1,A5
125355_forcadinho-np3_frame629.jpg,A3.1-A4.1,A5.1,A3,A5,A5.1,A5
125355_forcadinho-np3_frame985.jpg,A5.2,A3.7-A4.7,A5,A3,A3.1,A3
132143_forcadinho-np3_frame102.jpg,A5.1,A3.1-A4.1,A5,A3,A3.1,A3
132143_forcadinho-np3_frame1035.jpg,A3.1-A4.1,A5.1,A3,A5,A4.1,A4
132143_forcadinho-np3_frame1036.jpg,A3.1-A4.1,A3.7-A4.7,A3,A3,A4.1,A4
132143_forcadinho-np3_frame1037.jpg,A5.1,A3.1-A4.1,A5,A3,A4.1,A4
132143_forcadinho-np3_frame1039.jpg,A5.1,A3.1-A4.1,A5,A3,A3.1,A3
132143_forcadinho-np3_frame1041.jpg,A3.7-A4.7,A3.1-A4.1,A3,A3,A3.1,A3
132143_forcadinho-np3_frame1043.jpg,A3.1-A4.1,A3.7-A4.7,A3,A3,A3.1,A3
132143_forcadinho-np3_frame1059.jpg,A3.7-A4.7,A3.1-A4.1,A3,A3,A3.1,A3
132143_forcadinho-np3_frame1081.jpg,A5.1,A3.1-A4.1,A5,A3,A3.1,A3
132143_forcadinho-np3_frame1088.jpg,A3.1-A4.1,A5.1,A3,A5,A3.1,A3
132143_forcadinho-np3_frame1142.jpg,A5.1,A3.1-A4.1,A5,A3,A5.1,A5
132143_forcadinho-np3_frame1154.jpg,A3.1-A4.1,A3.7-A4.7,A3,A3,A3.1,A3
132143_forcadinho-np3_frame1163.jpg,A3.1-A4.1,A3.7-A4.7,A3,A3,A3.1,A3
132143_forcadinho-np3_frame1167.jpg,A3.7-A4.7,A3.1-A4.1,A3,A3,A3.1,A3
132143_forcadinho-np3_frame1168.jpg,A3.1-A4.1,A3.7-A4.7,A3,A3,A3.1,A3
132143_forcadinho-np3_frame118.jpg,A3.1-A4.1,A3.7-A4.7,A3,A3,A3.1,A3
132143_forcadinho-np3_frame119.jpg,A3.1-A4.1,A3.7-A4.7,A3,A3,A4.7,A4
132143_forcadinho-np3_frame1191.jpg,A3.1-A4.1,A5.1,A3,A5,A3.1,A3
132143_forcadinho-np3_frame1197.jpg,A3.7-A4.7,A3.1-A4.1,A3,A3,A3.1,A3
132143_forcadinho-np3_frame120.jpg,A3.1-A4.1,A3.7-A4.7,A3,A3,A3.1,A3
132143_forcadinho-np3_frame121.jpg,A3.1-A4.1,A3.7-A4.7,A3,A3,A3.1,A3
132143_forcadinho-np3_frame1225.jpg,A3.1-A4.1,A3.7-A4.7,A3,A3,A3.1,A3
132143_forcadinho-np3_frame1238.jpg,A3.7-A4.7,A3.1-A4.1,A3,A3,A3.1,A3
132143_forcadinho-np3_frame1240.jpg,A3.1-A4.1,A3.7-A4.7,A3,A3,A3.1,A3
132143_forcadinho-np3_frame1241.jpg,A3.1-A4.1,A5.1,A3,A5,A3.1,A3
132143_forcadinho-np3_frame1252.jpg,A3.1-A4.1,A3.7-A4.7,A3,A3,A3.1,A3
132143_forcadinho-np3_frame1270.jpg,A5.1,A5.4,A5,A5,A3.1,A3
132143_forcadinho-np3_frame1276.jpg,A5.1,A3.1-A4.1,A5,A3,A3.1,A3
132143_forcadinho-np3_frame128.jpg,A5.2,A3.7-A4.7,A5,A3,A3.1,A3
132143_forcadinho-np3_frame1284.jpg,A3.1-A4.1,A3.7-A4.7,A3,A3,A3.1,A3
132143_forcadinho-np3_frame1286.jpg,A3.1-A4.1,A3.7-A4.7,A3,A3,A3.1,A3
132143_forcadinho-np3_frame130.jpg,A3.7-A4.7,A3.1-A4.1,A3,A3,A3.1,A3
132143_forcadinho-np3_frame1335.jpg,A3.1-A4.1,A3.7-A4.7,A3,A3,A3.1,A3
132143_forcadinho-np3_frame134.jpg,A3.7-A4.7,A3.1-A4.1,A3,A3,A3.1,A3
132143_forcadinho-np3_frame1348.jpg,A3.1-A4.1,A5.1,A3,A5,A3.1,A3
132143_forcadinho-np3_frame135.jpg,A3.1-A4.1,A3.7-A4.7,A3,A3,A3.1,A3
132143_forcadinho-np3_frame1355.jpg,A3.7-A4.7,A3.1-A4.1,A3,A3,A3.1,A3
132143_forcadinho-np3_frame1360.jpg,A5.1,A3.1-A4.1,A5,A3,A3.1,A3
132143_forcadinho-np3_frame1362.jpg,A5.2,A3.7-A4.7,A5,A3,A3.1,A3
132143_forcadinho-np3_frame1367.jpg,A3.1-A4.1,A5.1,A3,A5,A3.1,A3
132143_forcadinho-np3_frame1372.jpg,A3.1-A4.1,A3.7-A4.7,A3,A3,A3.1,A3
132143_forcadinho-np3_frame1393.jpg,A3.1-A4.1,A3.7-A4.7,A3,A3,A5.1,A5
132143_forcadinho-np3_frame1395.jpg,A3.1-A4.1,A3.7-A4.7,A3,A3,A5.1,A5
132143_forcadinho-np3_frame1415.jpg,A5.1,A3.1-A4.1,A5,A3,A3.1,A3
132143_forcadinho-np3_frame1421.jpg,A3.1-A4.1,A5.1,A3,A5,A3.1,A3
132143_forcadinho-np3_frame1425.jpg,A3.7-A4.7,A3.1-A4.1,A3,A3,A3.1,A3
132143_forcadinho-np3_frame1431.jpg,A3.1-A4.1,A3.7-A4.7,A3,A3,A3.1,A3
132143_forcadinho-np3_frame1439.jpg,A3.1-A4.1,A3.7-A4.7,A3,A3,A3.1,A3
132143_forcadinho-np3_frame1450.jpg,A3.7-A4.7,A3.1-A4.1,A3,A3,A3.1,A3
132143_forcadinho-np3_frame1469.jpg,A5.1,A3.1-A4.1,A5,A3,A3.1,A3
132143_forcadinho-np3_frame1473.jpg,A3.1-A4.1,A3.7-A4.7,A3,A3,A3.1,A3
132143_forcadinho-np3_frame1477.jpg,A3.1-A4.1,A3.7-A4.7,A3,A3,A3.1,A3
132143_forcadinho-np3_frame1494.jpg,A5.2,A3.7-A4.7,A5,A3,A3.1,A3
132143_forcadinho-np3_frame1496.jpg,A3.7-A4.7,A3.1-A4.1,A3,A3,A3.1,A3
132143_forcadinho-np3_frame1504.jpg,A5.2,A3.7-A4.7,A5,A3,A3.1,A3
132143_forcadinho-np3_frame1509.jpg,A5.1,A3.1-A4.1,A5,A3,A3.1,A3
132143_forcadinho-np3_frame1518.jpg,A3.1-A4.1,A5.1,A3,A5,A3.1,A3
132143_forcadinho-np3_frame1520.jpg,A5.2,A3.7-A4.7,A5,A3,A3.1,A3
132143_forcadinho-np3_frame1522.jpg,A3.1-A4.1,A3.7-A4.7,A3,A3,A3.1,A3
132143_forcadinho-np3_frame1531.jpg,A3.1-A4.1,A3.7-A4.7,A3,A3,A3.1,A3
132143_forcadinho-np3_frame1550.jpg,A3.7-A4.7,A3.1-A4.1,A3,A3,A3.1,A3
132143_forcadinho-np3_frame1563.jpg,A3.7-A4.7,A3.1-A4.1,A3,A3,A3.7,A3
132143_forcadinho-np3_frame1570.jpg,A5.2,A3.7-A4.7,A5,A3,A3.7,A3
132143_forcadinho-np3_frame1572.jpg,A3.7-A4.7,A3.1-A4.1,A3,A3,A3.7,A3
132143_forcadinho-np3_frame1573.jpg,A3.7-A4.7,A3.1-A4.1,A3,A3,A3.7,A3
132143_forcadinho-np3_frame158.jpg,A5.2,A3.7-A4.7,A5,A3,A3.1,A3
132143_forcadinho-np3_frame1582.jpg,A3.1-A4.1,A3.7-A4.7,A3,A3,A3.7,A3
132143_forcadinho-np3_frame1585.jpg,A3.7-A4.7,A3.1-A4.1,A3,A3,A3.7,A3
132143_forcadinho-np3_frame1589.jpg,A3.1-A4.1,A5.1,A3,A5,A3.7,A3
132143_forcadinho-np3_frame1593.jpg,A5.1,A5.4,A5,A5,A5.2,A5
132143_forcadinho-np3_frame1595.jpg,A3.1-A4.1,A3.7-A4.7,A3,A3,A5.2,A5
132143_forcadinho-np3_frame1597.jpg,A3.7-A4.7,A3.1-A4.1,A3,A3,A5.2,A5
132143_forcadinho-np3_frame16.jpg,A5.2,A3.7-A4.7,A5,A3,A4.1,A4
132143_forcadinho-np3_frame1600.jpg,A5.1,A3.1-A4.1,A5,A3,A3.7,A3
132143_forcadinho-np3_frame1605.jpg,A3.1-A4.1,A3.7-A4.7,A3,A3,A3.7,A3
132143_forcadinho-np3_frame1609.jpg,A3.1-A4.1,A3.7-A4.7,A3,A3,A3.7,A3
132143_forcadinho-np3_frame1610.jpg,A3.7-A4.7,A3.1-A4.1,A3,A3,A3.7,A3
132143_forcadinho-np3_frame1611.jpg,A3.1-A4.1,A3.7-A4.7,A3,A3,A3.7,A3
132143_forcadinho-np3_frame1612.jpg,A3.7-A4.7,A3.1-A4.1,A3,A3,A3.7,A3
132143_forcadinho-np3_frame1621.jpg,A3.1-A4.1,A3.7-A4.7,A3,A3,A3.7,A3
132143_forcadinho-np3_frame1625.jpg,A3.1-A4.1,A5.1,A3,A5,A3.7,A3
132143_forcadinho-np3_frame1626.jpg,A3.1-A4.1,A3.7-A4.7,A3,A3,A3.7,A3
132143_forcadinho-np3_frame1628.jpg,A5.2,A3.7-A4.7,A5,A3,A3.7,A3
132143_forcadinho-np3_frame1629.jpg,A5.2,A3.7-A4.7,A5,A3,A3.7,A3
132143_forcadinho-np3_frame1630.jpg,A3.1-A4.1,A3.7-A4.7,A3,A3,A3.7,A3
132143_forcadinho-np3_frame1631.jpg,A3.7-A4.7,A3.1-A4.1,A3,A3,A3.7,A3
132143_forcadinho-np3_frame166.jpg,A3.7-A4.7,A3.1-A4.1,A3,A3,A3.1,A3
132143_forcadinho-np3_frame1671.jpg,A3.1-A4.1,A3.7-A4.7,A3,A3,A5.4,A5
132143_forcadinho-np3_frame1673.jpg,A3.1-A4.1,A3.7-A4.7,A3,A3,A5.4,A5
132143_forcadinho-np3_frame1675.jpg,A3.1-A4.1,A3.7-A4.7,A3,A3,A5.4,A5
132143_forcadinho-np3_frame1680.jpg,A5.1,A3.1-A4.1,A5,A3,A5.4,A5
132143_forcadinho-np3_frame1682.jpg,A3.1-A4.1,A3.7-A4.7,A3,A3,A5.4,A5
132143_forcadinho-np3_frame1684.jpg,A5.2,A3.1-A4.1,A5,A3,A5.4,A5
132143_forcadinho-np3_frame1688.jpg,A5.1,A5.4,A5,A5,A5.4,A5
132143_forcadinho-np3_frame169.jpg,A3.1-A4.1,A3.7-A4.7,A3,A3,A3.1,A3
132143_forcadinho-np3_frame1691.jpg,A3.7-A4.7,A3.1-A4.1,A3,A3,A5.4,A5
132143_forcadinho-np3_frame1692.jpg,A5.1,A3.1-A4.1,A5,A3,A5.4,A5
132143_forcadinho-np3_frame1704.jpg,A3.1-A4.1,A5.1,A3,A5,A5.4,A5
132143_forcadinho-np3_frame1711.jpg,A3.7-A4.7,A3.1-A4.1,A3,A3,A5.4,A5
132143_forcadinho-np3_frame179.jpg,A3.1-A4.1,A5.1,A3,A5,A3.1,A3
132143_forcadinho-np3_frame1820.jpg,A3.1-A4.1,A3.7-A4.7,A3,A3,A5.1,A5
132143_forcadinho-np3_frame1822.jpg,A3.1-A4.1,A3.7-A4.7,A3,A3,A5.1,A5
132143_forcadinho-np3_frame1868.jpg,A5.1,A3.1-A4.1,A5,A3,A5.1,A5
132143_forcadinho-np3_frame1869.jpg,A5.2,A3.7-A4.7,A5,A3,A5.1,A5
132143_forcadinho-np3_frame1889.jpg,A3.7-A4.7,A5.2,A3,A5,A5.2,A5
132143_forcadinho-np3_frame1920.jpg,A5.2,A3.7-A4.7,A5,A3,A4.7,A4
132143_forcadinho-np3_frame1930.jpg,A3.1-A4.1,A5.1,A3,A5,A5.1,A5
132143_forcadinho-np3_frame1973.jpg,A3.1-A4.1,A3.7-A4.7,A3,A3,A4.7,A4
132143_forcadinho-np3_frame1978.jpg,A3.1-A4.1,A3.7-A4.7,A3,A3,A4.1,A4
132143_forcadinho-np3_frame1980.jpg,A3.1-A4.1,A5.1,A3,A5,A4.7,A4
132143_forcadinho-np3_frame1984.jpg,A3.7-A4.7,A3.1-A4.1,A3,A3,A4.7,A4
132143_forcadinho-np3_frame1986.jpg,A3.1-A4.1,A3.7-A4.7,A3,A3,A4.7,A4
132143_forcadinho-np3_frame1991.jpg,A5.2,A3.7-A4.7,A5,A3,A5.1,A5
132143_forcadinho-np3_frame2020.jpg,A3.1-A4.1,A3.7-A4.7,A3,A3,A5.1,A5
132143_forcadinho-np3_frame2021.jpg,A3.7-A4.7,A3.1-A4.1,A3,A3,A5.1,A5
132143_forcadinho-np3_frame2029.jpg,A5.2,A3.7-A4.7,A5,A3,A5.1,A5
132143_forcadinho-np3_frame2037.jpg,A3.7-A4.7,A3.1-A4.1,A3,A3,A5.1,A5
132143_forcadinho-np3_frame2041.jpg,A5.1,A3.1-A4.1,A5,A3,A5.1,A5
132143_forcadinho-np3_frame2042.jpg,A3.1-A4.1,A5.1,A3,A5,A5.1,A5
132143_forcadinho-np3_frame2045.jpg,A3.1-A4.1,A5.1,A3,A5,A5.1,A5
132143_forcadinho-np3_frame2055.jpg,A5.1,A3.1-A4.1,A5,A3,A5.1,A5
132143_forcadinho-np3_frame2057.jpg,A3.1-A4.1,A3.7-A4.7,A3,A3,A5.1,A5
132143_forcadinho-np3_frame2113.jpg,A3.1-A4.1,A3.7-A4.7,A3,A3,A3.1,A3
132143_forcadinho-np3_frame2128.jpg,A3.7-A4.7,A3.1-A4.1,A3,A3,A3.1,A3
132143_forcadinho-np3_frame2206.jpg,A5.2,A3.7-A4.7,A5,A3,A3.1,A3
132143_forcadinho-np3_frame2349.jpg,A5.1,A3.1-A4.1,A5,A3,A3.1,A3
132143_forcadinho-np3_frame255.jpg,A5.2,A3.7-A4.7,A5,A3,A3.1,A3
132143_forcadinho-np3_frame2576.jpg,A3.1-A4.1,A5.1,A3,A5,A5.2,A5
132143_forcadinho-np3_frame2587.jpg,A5.2,A3.7-A4.7,A5,A3,A5.2,A5
132143_forcadinho-np3_frame2605.jpg,A3.1-A4.1,A5.1,A3,A5,A3.1,A3
132143_forcadinho-np3_frame2606.jpg,A3.1-A4.1,A3.7-A4.7,A3,A3,A3.1,A3
132143_forcadinho-np3_frame2608.jpg,A3.7-A4.7,A3.1-A4.1,A3,A3,A3.1,A3
132143_forcadinho-np3_frame2629.jpg,A5.1,A3.1-A4.1,A5,A3,A3.1,A3
132143_forcadinho-np3_frame2632.jpg,A3.1-A4.1,A3.7-A4.7,A3,A3,A3.1,A3
132143_forcadinho-np3_frame2636.jpg,A3.1-A4.1,A3.7-A4.7,A3,A3,A3.1,A3
132143_forcadinho-np3_frame2640.jpg,A5.2,A3.7-A4.7,A5,A3,A3.1,A3
132143_forcadinho-np3_frame2649.jpg,A5.1,A3.1-A4.1,A5,A3,A3.1,A3
132143_forcadinho-np3_frame2657.jpg,A3.1-A4.1,A3.7-A4.7,A3,A3,A5.1,A5
132143_forcadinho-np3_frame2672.jpg,A3.1-A4.1,A3.7-A4.7,A3,A3,A5.1,A5
132143_forcadinho-np3_frame2687.jpg,A5.1,A3.1-A4.1,A5,A3,A5.1,A5
132143_forcadinho-np3_frame2695.jpg,A3.7-A4.7,A3.1-A4.1,A3,A3,A5.1,A5
132143_forcadinho-np3_frame2716.jpg,A3.7-A4.7,A3.1-A4.1,A3,A3,A5.1,A5
132143_forcadinho-np3_frame2717.jpg,A3.1-A4.1,A5.1,A3,A5,A5.1,A5
132143_forcadinho-np3_frame2720.jpg,A5.1,A3.1-A4.1,A5,A3,A5.1,A5
132143_forcadinho-np3_frame2726.jpg,A3.1-A4.1,A3.7-A4.7,A3,A3,A5.1,A5
132143_forcadinho-np3_frame2727.jpg,A3.7-A4.7,A3.1-A4.1,A3,A3,A5.1,A5
132143_forcadinho-np3_frame2735.jpg,A3.1-A4.1,A3.7-A4.7,A3,A3,A5.1,A5
132143_forcadinho-np3_frame2737.jpg,A3.7-A4.7,A3.1-A4.1,A3,A3,A5.1,A5
132143_forcadinho-np3_frame2759.jpg,A3.1-A4.1,A3.7-A4.7,A3,A3,A5.1,A5
132143_forcadinho-np3_frame2762.jpg,A3.7-A4.7,A3.1-A4.1,A3,A3,A5.1,A5
132143_forcadinho-np3_frame2765.jpg,A3.7-A4.7,A3.1-A4.1,A3,A3,A5.1,A5
132143_forcadinho-np3_frame2767.jpg,A3.1-A4.1,A3.7-A4.7,A3,A3,A5.1,A5
132143_forcadinho-np3_frame2776.jpg,A3.7-A4.7,A3.1-A4.1,A3,A3,A5.1,A5
132143_forcadinho-np3_frame2778.jpg,A5.2,A3.7-A4.7,A5,A3,A5.1,A5
132143_forcadinho-np3_frame2796.jpg,A3.1-A4.1,A3.7-A4.7,A3,A3,A3.1,A3
132143_forcadinho-np3_frame2802.jpg,A5.2,A3.7-A4.7,A5,A3,A3.1,A3
132143_forcadinho-np3_frame2807.jpg,A5.1,A3.1-A4.1,A5,A3,A3.1,A3
132143_forcadinho-np3_frame2841.jpg,A5.1,A3.1-A4.1,A5,A3,A3.1,A3
132143_forcadinho-np3_frame2847.jpg,A3.7-A4.7,A3.1-A4.1,A3,A3,A3.1,A3
132143_forcadinho-np3_frame2894.jpg,A5.1,A3.1-A4.1,A5,A3,A3.1,A3
132143_forcadinho-np3_frame2899.jpg,A5.1,A3.1-A4.1,A5,A3,A3.1,A3
132143_forcadinho-np3_frame2913.jpg,A3.1-A4.1,A3.7-A4.7,A3,A3,A3.7,A3
132143_forcadinho-np3_frame2924.jpg,A3.1-A4.1,A3.7-A4.7,A3,A3,A3.7,A3
132143_forcadinho-np3_frame2938.jpg,A5.1,A3.1-A4.1,A5,A3,A3.7,A3
132143_forcadinho-np3_frame2945.jpg,A3.1-A4.1,A3.7-A4.7,A3,A3,A3.7,A3
132143_forcadinho-np3_frame2966.jpg,A3.1-A4.1,A3.7-A4.7,A3,A3,A3.7,A3
132143_forcadinho-np3_frame297.jpg,A3.1-A4.1,A3.7-A4.7,A3,A3,A3.1,A3
132143_forcadinho-np3_frame2973.jpg,A3.7-A4.7,A3.1-A4.1,A3,A3,A3.7,A3
132143_forcadinho-np3_frame3002.jpg,A3.7-A4.7,A3.1-A4.1,A3,A3,A3.7,A3
132143_forcadinho-np3_frame3016.jpg,A3.1-A4.1,A3.7-A4.7,A3,A3,A3.1,A3
132143_forcadinho-np3_frame3018.jpg,A3.1-A4.1,A3.7-A4.7,A3,A3,A3.1,A3
132143_forcadinho-np3_frame307.jpg,A5.2,A3.7-A4.7,A5,A3,A4.1,A4
132143_forcadinho-np3_frame308.jpg,A3.1-A4.1,A3.7-A4.7,A3,A3,A4.7,A4
132143_forcadinho-np3_frame3104.jpg,A3.1-A4.1,A3.7-A4.7,A3,A3,A3.1,A3
132143_forcadinho-np3_frame3112.jpg,A3.1-A4.1,A5.1,A3,A5,A3.7,A3
132143_forcadinho-np3_frame3137.jpg,A3.1-A4.1,A3.7-A4.7,A3,A3,A3.1,A3
132143_forcadinho-np3_frame3146.jpg,A5.2,A5.1,A5,A5,A3.1,A3
132143_forcadinho-np3_frame3147.jpg,A3.1-A4.1,A5.1,A3,A5,A3.1,A3
132143_forcadinho-np3_frame3185.jpg,A3.1-A4.1,A3.7-A4.7,A3,A3,A3.1,A3
132143_forcadinho-np3_frame3217.jpg,A3.7-A4.7,A3.1-A4.1,A3,A3,A3.1,A3
132143_forcadinho-np3_frame3222.jpg,A5.1,A5.4,A5,A5,A3.1,A3
132143_forcadinho-np3_frame3224.jpg,A3.7-A4.7,A3.1-A4.1,A3,A3,A3.1,A3
132143_forcadinho-np3_frame3246.jpg,A3.1-A4.1,A3.7-A4.7,A3,A3,A3.1,A3
132143_forcadinho-np3_frame3255.jpg,A3.1-A4.1,A5.1,A3,A5,A3.1,A3
132143_forcadinho-np3_frame3261.jpg,A3.7-A4.7,A3.1-A4.1,A3,A3,A3.1,A3
132143_forcadinho-np3_frame3284.jpg,A5.1,A3.1-A4.1,A5,A3,A3.1,A3
132143_forcadinho-np3_frame3300.jpg,A3.1-A4.1,A3.7-A4.7,A3,A3,A3.1,A3
132143_forcadinho-np3_frame3304.jpg,A3.1-A4.1,A3.7-A4.7,A3,A3,A3.1,A3
132143_forcadinho-np3_frame3314.jpg,A3.1-A4.1,A3.7-A4.7,A3,A3,A3.1,A3
132143_forcadinho-np3_frame3338.jpg,A3.7-A4.7,A3.1-A4.1,A3,A3,A5.1,A5
132143_forcadinho-np3_frame3352.jpg,A3.1-A4.1,A3.7-A4.7,A3,A3,A5.1,A5
132143_forcadinho-np3_frame3353.jpg,A3.7-A4.7,A3.1-A4.1,A3,A3,A5.1,A5
132143_forcadinho-np3_frame337.jpg,A5.1,A3.1-A4.1,A5,A3,A3.1,A3
132143_forcadinho-np3_frame3372.jpg,A3.1-A4.1,A3.7-A4.7,A3,A3,A5.1,A5
132143_forcadinho-np3_frame3376.jpg,A5.2,A3.7-A4.7,A5,A3,A5.1,A5
132143_forcadinho-np3_frame338.jpg,A5.1,A5.4,A5,A5,A3.1,A3
132143_forcadinho-np3_frame3380.jpg,A5.1,A3.1-A4.1,A5,A3,A5.1,A5
132143_forcadinho-np3_frame3383.jpg,A3.1-A4.1,A3.7-A4.7,A3,A3,A5.1,A5
132143_forcadinho-np3_frame3396.jpg,A3.1-A4.1,A3.7-A4.7,A3,A3,A5.1,A5
132143_forcadinho-np3_frame3450.jpg,A3.1-A4.1,A3.7-A4.7,A3,A3,A5.1,A5
132143_forcadinho-np3_frame3460.jpg,A3.1-A4.1,A3.7-A4.7,A3,A3,A5.1,A5
132143_forcadinho-np3_frame3469.jpg,A3.1-A4.1,A5.1,A3,A5,A5.1,A5
132143_forcadinho-np3_frame3473.jpg,A3.1-A4.1,A3.7-A4.7,A3,A3,A5.1,A5
132143_forcadinho-np3_frame3477.jpg,A3.1-A4.1,A3.7-A4.7,A3,A3,A5.1,A5
132143_forcadinho-np3_frame3479.jpg,A3.1-A4.1,A5.1,A3,A5,A5.1,A5
132143_forcadinho-np3_frame3486.jpg,A3.1-A4.1,A3.7-A4.7,A3,A3,A5.1,A5
132143_forcadinho-np3_frame3488.jpg,A3.1-A4.1,A3.7-A4.7,A3,A3,A5.1,A5
132143_forcadinho-np3_frame3499.jpg,A3.1-A4.1,A3.7-A4.7,A3,A3,A5.1,A5
132143_forcadinho-np3_frame3500.jpg,A5.1,A3.1-A4.1,A5,A3,A5.1,A5
132143_forcadinho-np3_frame3502.jpg,A3.7-A4.7,A3.1-A4.1,A3,A3,A5.1,A5
132143_forcadinho-np3_frame3508.jpg,A5.2,A3.7-A4.7,A5,A3,A5.1,A5
132143_forcadinho-np3_frame3517.jpg,A3.7-A4.7,A3.1-A4.1,A3,A3,A5.1,A5
132143_forcadinho-np3_frame3521.jpg,A3.1-A4.1,A3.7-A4.7,A3,A3,A5.1,A5
132143_forcadinho-np3_frame3522.jpg,A3.7-A4.7,A3.1-A4.1,A3,A3,A5.1,A5
132143_forcadinho-np3_frame3525.jpg,A5.2,A3.7-A4.7,A5,A3,A5.1,A5
132143_forcadinho-np3_frame3527.jpg,A3.1-A4.1,A5.1,A3,A5,A5.1,A5
132143_forcadinho-np3_frame3528.jpg,A5.1,A3.1-A4.1,A5,A3,A5.1,A5
132143_forcadinho-np3_frame3529.jpg,A5.1,A3.1-A4.1,A5,A3,A5.1,A5
132143_forcadinho-np3_frame3546.jpg,A3.1-A4.1,A3.7-A4.7,A3,A3,A5.1,A5
132143_forcadinho-np3_frame3567.jpg,A3.7-A4.7,A3.1-A4.1,A3,A3,A5.1,A5
132143_forcadinho-np3_frame3577.jpg,A3.1-A4.1,A3.7-A4.7,A3,A3,A5.1,A5
132143_forcadinho-np3_frame3597.jpg,A3.7-A4.7,A3.1-A4.1,A3,A3,A5.1,A5
132143_forcadinho-np3_frame3598.jpg,A3.1-A4.1,A3.7-A4.7,A3,A3,A5.1,A5
132143_forcadinho-np3_frame3611.jpg,A3.1-A4.1,A3.7-A4.7,A3,A3,A5.1,A5
132143_forcadinho-np3_frame3613.jpg,A3.1-A4.1,A3.7-A4.7,A3,A3,A5.1,A5
132143_forcadinho-np3_frame3637.jpg,A3.1-A4.1,A3.7-A4.7,A3,A3,A5.1,A5
132143_forcadinho-np3_frame3640.jpg,A3.7-A4.7,A3.1-A4.1,A3,A3,A5.1,A5
132143_forcadinho-np3_frame3657.jpg,A3.7-A4.7,A3.1-A4.1,A3,A3,A5.1,A5
132143_forcadinho-np3_frame3671.jpg,A3.1-A4.1,A3.7-A4.7,A3,A3,A5.1,A5
132143_forcadinho-np3_frame3679.jpg,A3.1-A4.1,A3.7-A4.7,A3,A3,A5.1,A5
132143_forcadinho-np3_frame3695.jpg,A3.1-A4.1,A3.7-A4.7,A3,A3,A3.1,A3
132143_forcadinho-np3_frame3726.jpg,A5.2,A3.7-A4.7,A5,A3,A3.1,A3
132143_forcadinho-np3_frame3727.jpg,A5.2,A3.7-A4.7,A5,A3,A3.1,A3
132143_forcadinho-np3_frame3737.jpg,A3.1-A4.1,A3.7-A4.7,A3,A3,A3.1,A3
132143_forcadinho-np3_frame3759.jpg,A3.1-A4.1,A3.7-A4.7,A3,A3,A3.1,A3
132143_forcadinho-np3_frame3802.jpg,A3.1-A4.1,A3.7-A4.7,A3,A3,A3.1,A3
132143_forcadinho-np3_frame3818.jpg,A3.1-A4.1,A3.7-A4.7,A3,A3,A3.1,A3
132143_forcadinho-np3_frame3819.jpg,A3.1-A4.1,A3.7-A4.7,A3,A3,A3.1,A3
132143_forcadinho-np3_frame3823.jpg,A3.1-A4.1,A3.7-A4.7,A3,A3,A3.1,A3
132143_forcadinho-np3_frame3826.jpg,A3.1-A4.1,A3.7-A4.7,A3,A3,A3.1,A3
132143_forcadinho-np3_frame3830.jpg,A3.1-A4.1,A3.7-A4.7,A3,A3,A3.1,A3
132143_forcadinho-np3_frame3834.jpg,A5.1,A3.1-A4.1,A5,A3,A3.1,A3
132143_forcadinho-np3_frame3837.jpg,A3.7-A4.7,A3.1-A4.1,A3,A3,A3.1,A3
132143_forcadinho-np3_frame3844.jpg,A5.2,A3.7-A4.7,A5,A3,A3.1,A3
132143_forcadinho-np3_frame3848.jpg,A3.1-A4.1,A3.7-A4.7,A3,A3,A3.1,A3
132143_forcadinho-np3_frame3852.jpg,A5.1,A3.1-A4.1,A5,A3,A3.1,A3
132143_forcadinho-np3_frame3853.jpg,A5.2,A3.7-A4.7,A5,A3,A3.1,A3
132143_forcadinho-np3_frame3855.jpg,A3.1-A4.1,A3.7-A4.7,A3,A3,A3.1,A3
132143_forcadinho-np3_frame3859.jpg,A3.1-A4.1,A3.7-A4.7,A3,A3,A3.1,A3
132143_forcadinho-np3_frame3863.jpg,A5.1,A3.1-A4.1,A5,A3,A3.1,A3
132143_forcadinho-np3_frame3864.jpg,A3.1-A4.1,A5.1,A3,A5,A3.1,A3
132143_forcadinho-np3_frame3872.jpg,A3.7-A4.7,A3.1-A4.1,A3,A3,A3.1,A3
132143_forcadinho-np3_frame3875.jpg,A3.7-A4.7,A3.1-A4.1,A3,A3,A3.1,A3
132143_forcadinho-np3_frame3877.jpg,A5.1,A3.1-A4.1,A5,A3,A3.1,A3
132143_forcadinho-np3_frame3879.jpg,A5.1,A3.1-A4.1,A5,A3,A3.1,A3
132143_forcadinho-np3_frame3880.jpg,A3.1-A4.1,A5.1,A3,A5,A3.1,A3
132143_forcadinho-np3_frame3881.jpg,A3.7-A4.7,A3.1-A4.1,A3,A3,A3.1,A3
132143_forcadinho-np3_frame3884.jpg,A3.1-A4.1,A5.1,A3,A5,A3.1,A3
132143_forcadinho-np3_frame3885.jpg,A5.1,A3.1-A4.1,A5,A3,A3.1,A3
132143_forcadinho-np3_frame3889.jpg,A3.1-A4.1,A3.7-A4.7,A3,A3,A3.1,A3
132143_forcadinho-np3_frame3893.jpg,A5.1,A3.1-A4.1,A5,A3,A5.2,A5
132143_forcadinho-np3_frame3897.jpg,A5.1,A3.1-A4.1,A5,A3,A5.2,A5
132143_forcadinho-np3_frame3903.jpg,A3.1-A4.1,A3.7-A4.7,A3,A3,A5.2,A5
132143_forcadinho-np3_frame3906.jpg,A5.1,A3.1-A4.1,A5,A3,A5.2,A5
132143_forcadinho-np3_frame3907.jpg,A5.1,A3.1-A4.1,A5,A3,A5.2,A5
132143_forcadinho-np3_frame3908.jpg,A5.1,A3.1-A4.1,A5,A3,A5.2,A5
132143_forcadinho-np3_frame3916.jpg,A3.1-A4.1,A3.7-A4.7,A3,A3,A5.2,A5
132143_forcadinho-np3_frame3923.jpg,A3.7-A4.7,A3.1-A4.1,A3,A3,A5.2,A5
132143_forcadinho-np3_frame3935.jpg,A3.7-A4.7,A3.1-A4.1,A3,A3,A5.2,A5
132143_forcadinho-np3_frame3938.jpg,A3.1-A4.1,A5.1,A3,A5,A5.2,A5
132143_forcadinho-np3_frame3940.jpg,A3.1-A4.1,A5.1,A3,A5,A5.2,A5
132143_forcadinho-np3_frame3946.jpg,A3.7-A4.7,A3.1-A4.1,A3,A3,A3.1,A3
132143_forcadinho-np3_frame3948.jpg,A3.1-A4.1,A5.1,A3,A5,A3.1,A3
132143_forcadinho-np3_frame3962.jpg,A3.1-A4.1,A3.7-A4.7,A3,A3,A3.1,A3
132143_forcadinho-np3_frame3964.jpg,A3.1-A4.1,A3.7-A4.7,A3,A3,A3.1,A3
132143_forcadinho-np3_frame3967.jpg,A3.1-A4.1,A5.1,A3,A5,A3.1,A3
132143_forcadinho-np3_frame3975.jpg,A3.1-A4.1,A3.7-A4.7,A3,A3,A3.1,A3
132143_forcadinho-np3_frame3976.jpg,A3.7-A4.7,A3.1-A4.1,A3,A3,A3.1,A3
132143_forcadinho-np3_frame3985.jpg,A5.2,A3.1-A4.1,A5,A3,A3.1,A3
132143_forcadinho-np3_frame3990.jpg,A3.1-A4.1,A3.7-A4.7,A3,A3,A3.1,A3
132143_forcadinho-np3_frame3996.jpg,A3.1-A4.1,A5.1,A3,A5,A3.1,A3
132143_forcadinho-np3_frame4055.jpg,A3.1-A4.1,A3.7-A4.7,A3,A3,A3.7,A3
132143_forcadinho-np3_frame4079.jpg,A3.1-A4.1,A3.7-A4.7,A3,A3,A3.7,A3
132143_forcadinho-np3_frame4089.jpg,A3.1-A4.1,A3.7-A4.7,A3,A3,A3.7,A3
132143_forcadinho-np3_frame4091.jpg,A3.1-A4.1,A3.7-A4.7,A3,A3,A3.7,A3
132143_forcadinho-np3_frame4092.jpg,A3.1-A4.1,A3.7-A4.7,A3,A3,A3.7,A3
132143_forcadinho-np3_frame4093.jpg,A3.1-A4.1,A3.7-A4.7,A3,A3,A3.7,A3
132143_forcadinho-np3_frame4096.jpg,A5.1,A3.1-A4.1,A5,A3,A3.7,A3
132143_forcadinho-np3_frame4098.jpg,A3.1-A4.1,A3.7-A4.7,A3,A3,A3.7,A3
132143_forcadinho-np3_frame4135.jpg,A3.1-A4.1,A3.7-A4.7,A3,A3,A3.1,A3
132143_forcadinho-np3_frame4161.jpg,A3.1-A4.1,A3.7-A4.7,A3,A3,A3.1,A3
132143_forcadinho-np3_frame4163.jpg,A3.1-A4.1,A3.7-A4.7,A3,A3,A3.1,A3
132143_forcadinho-np3_frame4171.jpg,A3.1-A4.1,A5.1,A3,A5,A3.1,A3
132143_forcadinho-np3_frame4187.jpg,A3.7-A4.7,A3.1-A4.1,A3,A3,A3.1,A3
132143_forcadinho-np3_frame4221.jpg,A3.1-A4.1,A5.1,A3,A5,A3.7,A3
132143_forcadinho-np3_frame4229.jpg,A5.2,A3.7-A4.7,A5,A3,A3.7,A3
132143_forcadinho-np3_frame423.jpg,A3.7-A4.7,A3.1-A4.1,A3,A3,A4.1,A4
132143_forcadinho-np3_frame4230.jpg,A3.1-A4.1,A3.7-A4.7,A3,A3,A3.7,A3
132143_forcadinho-np3_frame4234.jpg,A3.1-A4.1,A3.7-A4.7,A3,A3,A3.7,A3
132143_forcadinho-np3_frame4250.jpg,A5.1,A3.1-A4.1,A5,A3,A3.1,A3
132143_forcadinho-np3_frame4268.jpg,A3.7-A4.7,A3.1-A4.1,A3,A3,A3.1,A3
132143_forcadinho-np3_frame427.jpg,A5.1,A3.1-A4.1,A5,A3,A4.1,A4
132143_forcadinho-np3_frame4287.jpg,A3.1-A4.1,A3.7-A4.7,A3,A3,A3.1,A3
132143_forcadinho-np3_frame4296.jpg,A5.2,A3.7-A4.7,A5,A3,A3.1,A3
132143_forcadinho-np3_frame4300.jpg,A3.1-A4.1,A3.7-A4.7,A3,A3,A3.1,A3
132143_forcadinho-np3_frame431.jpg,A5.2,A3.7-A4.7,A5,A3,A4.1,A4
132143_forcadinho-np3_frame4347.jpg,A3.1-A4.1,A5.1,A3,A5,A3.1,A3
132143_forcadinho-np3_frame526.jpg,A3.1-A4.1,A3.7-A4.7,A3,A3,A4.1,A4
132143_forcadinho-np3_frame584.jpg,A3.1-A4.1,A5.1,A3,A5,A3.1,A3
132143_forcadinho-np3_frame605.jpg,A3.7-A4.7,A3.1-A4.1,A3,A3,A3.1,A3
132143_forcadinho-np3_frame621.jpg,A3.1-A4.1,A3.7-A4.7,A3,A3,A3.1,A3
132143_forcadinho-np3_frame66.jpg,A5.2,A3.7-A4.7,A5,A3,A4.1,A4
132143_forcadinho-np3_frame7.jpg,A3.1-A4.1,A3.7-A4.7,A3,A3,A3.1,A3
132143_forcadinho-np3_frame726.jpg,A3.1-A4.1,A3.7-A4.7,A3,A3,A3.7,A3
132143_forcadinho-np3_frame738.jpg,A5.2,A3.7-A4.7,A5,A3,A3.7,A3
132143_forcadinho-np3_frame740.jpg,A3.1-A4.1,A3.7-A4.7,A3,A3,A3.7,A3
132143_forcadinho-np3_frame754.jpg,A3.1-A4.1,A3.7-A4.7,A3,A3,A4.7,A4
132143_forcadinho-np3_frame77.jpg,A3.1-A4.1,A3.7-A4.7,A3,A3,A4.1,A4
132143_forcadinho-np3_frame774.jpg,A3.1-A4.1,A3.7-A4.7,A3,A3,A3.1,A3
132143_forcadinho-np3_frame780.jpg,A5.2,A3.7-A4.7,A5,A3,A3.1,A3
132143_forcadinho-np3_frame783.jpg,A3.7-A4.7,A3.1-A4.1,A3,A3,A4.7,A4
132143_forcadinho-np3_frame784.jpg,A3.1-A4.1,A3.7-A4.7,A3,A3,A3.1,A3
132143_forcadinho-np3_frame8.jpg,A3.1-A4.1,A3.7-A4.7,A3,A3,A3.1,A3
132143_forcadinho-np3_frame808.jpg,A3.7-A4.7,A3.1-A4.1,A3,A3,A3.1,A3
132143_forcadinho-np3_frame813.jpg,A5.1,A3.1-A4.1,A5,A3,A3.1,A3
132143_forcadinho-np3_frame814.jpg,A5.1,A3.1-A4.1,A5,A3,A3.1,A3
132143_forcadinho-np3_frame82.jpg,A3.1-A4.1,A3.7-A4.7,A3,A3,A4.1,A4
132143_forcadinho-np3_frame825.jpg,A3.1-A4.1,A3.7-A4.7,A3,A3,A3.1,A3
132143_forcadinho-np3_frame83.jpg,A3.1-A4.1,A5.1,A3,A5,A4.1,A4
132143_forcadinho-np3_frame852.jpg,A3.1-A4.1,A3.7-A4.7,A3,A3,A3.1,A3
132143_forcadinho-np3_frame875.jpg,A5.1,A5.4,A5,A5,A3.1,A3
132143_forcadinho-np3_frame877.jpg,A5.1,A3.1-A4.1,A5,A3,A3.1,A3
132143_forcadinho-np3_frame878.jpg,A3.7-A4.7,A3.1-A4.1,A3,A3,A3.1,A3
132143_forcadinho-np3_frame880.jpg,A5.1,A3.1-A4.1,A5,A3,A3.1,A3
132143_forcadinho-np3_frame881.jpg,A5.1,A3.1-A4.1,A5,A3,A3.1,A3
132143_forcadinho-np3_frame896.jpg,A3.1-A4.1,A3.7-A4.7,A3,A3,A5.2,A5
132143_forcadinho-np3_frame899.jpg,A3.1-A4.1,A3.7-A4.7,A3,A3,A5.2,A5
132143_forcadinho-np3_frame902.jpg,A3.1-A4.1,A3.7-A4.7,A3,A3,A5.2,A5
132143_forcadinho-np3_frame903.jpg,A3.1-A4.1,A3.7-A4.7,A3,A3,A5.2,A5
132143_forcadinho-np3_frame904.jpg,A3.1-A4.1,A3.7-A4.7,A3,A3,A5.2,A5
132143_forcadinho-np3_frame906.jpg,A3.1-A4.1,A3.7-A4.7,A3,A3,A5.2,A5
132143_forcadinho-np3_frame909.jpg,A3.1-A4.1,A5.1,A3,A5,A3.1,A3
132143_forcadinho-np3_frame910.jpg,A3.1-A4.1,A5.1,A3,A5,A3.1,A3
132143_forcadinho-np3_frame969.jpg,A3.7-A4.7,A3.1-A4.1,A3,A3,A3.1,A3
132143_forcadinho-np3_frame972.jpg,A3.7-A4.7,A3.1-A4.1,A3,A3,A3.1,A3
132143_forcadinho-np3_frame973.jpg,A3.1-A4.1,A3.7-A4.7,A3,A3,A3.1,A3
132143_forcadinho-np3_frame974.jpg,A5.1,A5.2,A5,A5,A3.1,A3
132143_forcadinho-np3_frame978.jpg,A3.7-A4.7,A3.1-A4.1,A3,A3,A3.1,A3
132143_forcadinho-np3_frame979.jpg,A3.1-A4.1,A3.7-A4.7,A3,A3,A3.1,A3
132143_forcadinho-np3_frame981.jpg,A5.1,A3.1-A4.1,A5,A3,A3.1,A3
132143_forcadinho-np3_frame995.jpg,A5.1,A3.1-A4.1,A5,A3,A5.2,A5
